lf,date,state,p_rate,u_rate,district,ep_ratio,lf_outside,lf_employed,lf_unemployed
213.6,2019-01-01,Johor,70.3,1.7,Batu Pahat,69.03586706153341,90.4,209.8,3.7
219.1,2020-01-01,Johor,70.4,2.1,Batu Pahat,68.85035324341683,92.2,214.4,4.7
216.0,2021-01-01,Johor,69.0,2.3,Batu Pahat,67.3906100287448,97.1,211.0,5.0
220.8,2022-01-01,Johor,70.0,1.8,Batu Pahat,68.73811033608118,94.6,216.8,4.0
792.4,2019-01-01,Johor,73.0,3.1,Johor Bahru,70.69330632538441,293.7,767.8,24.6
803.8,2020-01-01,Johor,73.0,4.0,Johor Bahru,70.06085929693886,297.1,771.3,32.5
805.7,2021-01-01,Johor,73.0,4.2,Johor Bahru,69.87864517297591,298.3,771.6,34.1
829.5,2022-01-01,Johor,73.9,3.7,Johor Bahru,71.20577488637377,292.6,799.0,30.5
166.1,2019-01-01,Johor,71.3,3.4,Kluang,68.88412017167383,66.9,160.5,5.6
167.9,2020-01-01,Johor,71.4,4.2,Kluang,68.38079048023799,67.4,160.9,7.1
168.0,2021-01-01,Johor,71.3,4.6,Kluang,68.0390492359932,67.5,160.3,7.7
169.6,2022-01-01,Johor,72.1,4.0,Kluang,69.18827029324267,65.6,162.8,6.8
100.7,2019-01-01,Johor,69.7,2.7,Kota Tinggi,67.82006920415225,43.8,98.0,2.8
103.4,2020-01-01,Johor,69.8,3.4,Kota Tinggi,67.45442268737341,44.7,99.9,3.5
104.1,2021-01-01,Johor,70.0,4.0,Kota Tinggi,67.13709677419355,44.7,99.9,4.2
107.8,2022-01-01,Johor,71.1,3.5,Kota Tinggi,68.55636123928808,43.9,104.0,3.8
131.7,2019-01-01,Johor,66.4,2.7,Kulai,64.53400503778337,66.7,128.1,3.6
133.6,2020-01-01,Johor,66.7,3.4,Kulai,64.42115768463074,66.8,129.1,4.5
130.9,2021-01-01,Johor,65.2,3.7,Kulai,62.78026905829597,69.8,126.0,4.9
135.0,2022-01-01,Johor,66.0,3.3,Kulai,63.89432485322896,69.4,130.6,4.4
33.2,2019-01-01,Johor,60.4,2.4,Mersing,59.01639344262295,21.8,32.4,0.8
33.9,2020-01-01,Johor,60.8,3.3,Mersing,58.78136200716846,21.9,32.8,1.1
33.2,2021-01-01,Johor,59.2,3.6,Mersing,57.04099821746881,22.9,32.0,1.2
34.4,2022-01-01,Johor,60.0,3.0,Mersing,58.216783216783206,22.9,33.3,1.0
126.4,2019-01-01,Johor,67.5,1.7,Muar,66.43506146445752,60.7,124.3,2.1
129.9,2020-01-01,Johor,67.7,2.3,Muar,66.16266944734099,62.0,126.9,2.9
130.0,2021-01-01,Johor,67.5,2.6,Muar,65.7498702646601,62.6,126.7,3.4
131.7,2022-01-01,Johor,68.5,2.3,Muar,66.90946930280958,60.5,128.6,3.1
77.2,2019-01-01,Johor,66.2,3.1,Pontian,64.09597257926306,39.5,74.8,2.4
79.3,2020-01-01,Johor,66.4,4.0,Pontian,63.735343383584585,40.2,76.1,3.1
77.9,2021-01-01,Johor,65.0,4.7,Pontian,61.96830692243536,42.0,74.3,3.6
78.9,2022-01-01,Johor,65.8,3.6,Pontian,63.469557964970804,41.0,76.1,2.9
100.1,2019-01-01,Johor,70.4,2.6,Segamat,68.63572433192687,42.1,97.6,2.6
103.3,2020-01-01,Johor,70.5,3.6,Segamat,68.05460750853243,43.2,99.7,3.7
102.5,2021-01-01,Johor,69.6,4.0,Segamat,66.80244399185335,44.8,98.4,4.1
105.1,2022-01-01,Johor,70.3,3.6,Segamat,67.75919732441471,44.4,101.3,3.8
64.3,2019-01-01,Johor,64.1,2.1,Tangkak,62.71186440677966,36.0,62.9,1.4
66.3,2020-01-01,Johor,64.4,2.7,Tangkak,62.62135922330098,36.7,64.5,1.8
66.6,2021-01-01,Johor,64.3,3.1,Tangkak,62.31884057971014,37.0,64.5,2.1
68.7,2022-01-01,Johor,65.0,2.5,Tangkak,63.386944181646165,37.0,67.0,1.7
70.5,2019-01-01,Kedah,67.9,2.3,Baling,66.44165863066539,33.3,68.9,1.6
70.4,2020-01-01,Kedah,66.9,3.8,Baling,64.35361216730038,34.8,67.7,2.7
72.6,2021-01-01,Kedah,67.1,3.1,Baling,64.97227356746765,35.6,70.3,2.3
74.1,2022-01-01,Kedah,67.8,2.2,Baling,66.27056672760511,35.3,72.5,1.6
22.6,2019-01-01,Kedah,68.4,2.6,Bandar Baharu,66.66666666666666,10.4,22.0,0.6
23.7,2020-01-01,Kedah,69.7,4.6,Bandar Baharu,66.47058823529413,10.3,22.6,1.1
24.1,2021-01-01,Kedah,69.1,4.2,Bandar Baharu,66.18911174785102,10.8,23.1,1.0
24.7,2022-01-01,Kedah,70.0,3.1,Bandar Baharu,67.70538243626062,10.6,23.9,0.8
171.4,2019-01-01,Kedah,61.6,3.5,Kota Setar,59.39633489040603,106.9,165.3,6.1
173.5,2020-01-01,Kedah,61.6,5.1,Kota Setar,58.50799289520426,108.0,164.7,8.8
176.3,2021-01-01,Kedah,61.1,4.7,Kota Setar,58.19189470038102,112.3,168.0,8.3
179.8,2022-01-01,Kedah,61.7,3.8,Kota Setar,59.402882635552515,111.6,173.1,6.7
214.7,2019-01-01,Kedah,60.4,2.6,Kuala Muda,58.85167464114832,140.6,209.1,5.6
213.7,2020-01-01,Kedah,60.0,3.7,Kuala Muda,57.7927548441449,142.4,205.8,7.9
217.0,2021-01-01,Kedah,60.4,3.4,Kuala Muda,58.372805795486215,142.0,209.5,7.4
222.5,2022-01-01,Kedah,61.0,2.6,Kuala Muda,59.46242457487657,142.0,216.8,5.7
102.3,2019-01-01,Kedah,60.8,2.3,Kubang Pasu,59.39357907253271,65.8,99.9,2.4
105.3,2020-01-01,Kedah,61.8,3.9,Kubang Pasu,59.448356807511736,65.1,101.3,4.1
107.6,2021-01-01,Kedah,61.6,3.7,Kubang Pasu,59.35890097309674,67.1,103.7,3.9
110.6,2022-01-01,Kedah,62.5,2.8,Kubang Pasu,60.803167420814475,66.2,107.5,3.1
153.9,2019-01-01,Kedah,67.7,2.0,Kulim,66.37323943661973,73.3,150.8,3.1
148.7,2020-01-01,Kedah,65.3,3.5,Kulim,63.032967032967036,78.9,143.4,5.2
151.0,2021-01-01,Kedah,66.2,3.1,Kulim,64.11042944785277,77.3,146.3,4.7
154.3,2022-01-01,Kedah,66.8,2.2,Kulim,65.29640848117698,76.8,150.9,3.4
51.3,2019-01-01,Kedah,68.1,3.7,Langkawi,65.60424966799468,24.0,49.4,1.9
50.6,2020-01-01,Kedah,68.3,6.9,Langkawi,63.64864864864865,23.5,47.1,3.5
50.6,2021-01-01,Kedah,68.8,7.3,Langkawi,63.72282608695653,22.9,46.9,3.7
51.9,2022-01-01,Kedah,69.5,5.8,Langkawi,65.41554959785523,22.8,48.8,3.0
31.7,2019-01-01,Kedah,65.3,3.0,Padang Terap,63.298969072164944,16.8,30.7,1.0
32.7,2020-01-01,Kedah,65.7,4.0,Padang Terap,63.05220883534136,17.0,31.4,1.3
34.0,2021-01-01,Kedah,66.5,3.6,Padang Terap,64.18786692759295,17.1,32.8,1.2
34.6,2022-01-01,Kedah,67.2,3.1,Padang Terap,65.1750972762646,16.8,33.5,1.1
45.6,2019-01-01,Kedah,63.6,2.8,Pendang,61.78521617852161,26.1,44.3,1.3
47.4,2020-01-01,Kedah,64.4,4.7,Pendang,61.49659863945579,26.2,45.2,2.2
48.5,2021-01-01,Kedah,63.7,5.5,Pendang,60.31537450722734,27.6,45.9,2.6
49.6,2022-01-01,Kedah,64.4,4.3,Pendang,61.55844155844156,27.4,47.4,2.2
24.0,2019-01-01,Kedah,63.8,3.1,Pokok Sena,61.96808510638297,13.6,23.3,0.7
25.4,2020-01-01,Kedah,66.3,4.7,Pokok Sena,63.35078534031413,12.9,24.2,1.2
25.8,2021-01-01,Kedah,66.1,4.1,Pokok Sena,63.171355498721226,13.3,24.7,1.1
26.2,2022-01-01,Kedah,66.7,3.1,Pokok Sena,64.63104325699746,13.1,25.4,0.8
31.8,2019-01-01,Kedah,61.1,3.2,Sik,59.23076923076923,20.2,30.8,1.0
32.4,2020-01-01,Kedah,61.0,3.1,Sik,59.24528301886792,20.7,31.4,1.0
33.2,2021-01-01,Kedah,60.8,3.3,Sik,58.791208791208796,21.4,32.1,1.1
33.9,2022-01-01,Kedah,61.4,2.4,Sik,59.96376811594203,21.3,33.1,0.8
30.3,2019-01-01,Kedah,60.0,3.8,Yan,57.821782178217816,20.2,29.2,1.1
30.9,2020-01-01,Kedah,60.4,2.7,Yan,58.7890625,20.2,30.1,0.8
31.8,2021-01-01,Kedah,60.1,3.1,Yan,58.11320754716981,21.2,30.8,1.0
32.6,2022-01-01,Kedah,60.7,2.3,Yan,59.40409683426443,21.1,31.9,0.7
57.1,2019-01-01,Kelantan,55.9,3.1,Bachok,54.16258570029383,45.0,55.3,1.8
57.2,2020-01-01,Kelantan,55.1,3.8,Bachok,53.031761308950905,46.7,55.1,2.2
58.9,2021-01-01,Kelantan,55.1,3.8,Bachok,53.040224508886816,48.0,56.7,2.2
60.5,2022-01-01,Kelantan,56.0,3.4,Bachok,54.11655874190564,47.6,58.5,2.0
43.7,2019-01-01,Kelantan,58.4,3.5,Gua Musang,56.2082777036048,31.2,42.1,1.5
41.6,2020-01-01,Kelantan,55.3,4.4,Gua Musang,52.92553191489361,33.6,39.8,1.8
42.2,2021-01-01,Kelantan,55.0,4.4,Gua Musang,52.473958333333336,34.5,40.3,1.9
43.5,2022-01-01,Kelantan,55.2,3.9,Gua Musang,53.045685279187815,35.3,41.8,1.7
19.0,2019-01-01,Kelantan,57.6,2.7,Jeli,56.060606060606055,14.0,18.5,0.5
19.3,2020-01-01,Kelantan,57.1,3.0,Jeli,55.325443786982255,14.5,18.7,0.6
19.4,2021-01-01,Kelantan,55.7,3.1,Jeli,53.86819484240688,15.5,18.8,0.6
20.2,2022-01-01,Kelantan,56.4,2.7,Jeli,55.02793296089386,15.6,19.7,0.5
233.2,2019-01-01,Kelantan,60.7,4.8,Kota Bharu,57.75234131113424,151.2,222.0,11.2
236.2,2020-01-01,Kelantan,60.2,5.4,Kota Bharu,56.98979591836735,155.9,223.4,12.8
238.7,2021-01-01,Kelantan,60.1,5.2,Kota Bharu,56.959476466146484,158.7,226.3,12.4
245.8,2022-01-01,Kelantan,61.0,4.6,Kota Bharu,58.21747765640516,157.0,234.5,11.3
54.2,2019-01-01,Kelantan,61.7,2.4,Kuala Krai,60.18202502844141,33.7,52.9,1.3
55.0,2020-01-01,Kelantan,61.8,2.5,Kuala Krai,60.22471910112359,34.0,53.6,1.4
54.2,2021-01-01,Kelantan,59.9,2.4,Kuala Krai,58.45303867403315,36.3,52.9,1.3
55.8,2022-01-01,Kelantan,60.3,2.1,Kuala Krai,58.963282937365015,36.8,54.6,1.2
41.7,2019-01-01,Kelantan,59.1,4.9,Machang,56.312056737588655,28.8,39.7,2.0
42.1,2020-01-01,Kelantan,57.6,5.5,Machang,54.44596443228454,31.0,39.8,2.3
41.8,2021-01-01,Kelantan,57.3,5.7,Machang,54.046639231824415,31.1,39.4,2.4
43.0,2022-01-01,Kelantan,57.8,5.1,Machang,54.97311827956989,31.4,40.9,2.2
82.7,2019-01-01,Kelantan,56.6,4.8,Pasir Mas,53.83036935704515,63.5,78.7,4.0
81.4,2020-01-01,Kelantan,54.8,4.6,Pasir Mas,52.255892255892256,67.2,77.6,3.8
83.0,2021-01-01,Kelantan,54.2,4.6,Pasir Mas,51.66340508806262,70.3,79.2,3.8
85.5,2022-01-01,Kelantan,54.9,4.0,Pasir Mas,52.63157894736842,70.3,82.0,3.5
52.7,2019-01-01,Kelantan,57.9,3.3,Pasir Puteh,55.98243688254666,38.3,51.0,1.7
53.9,2020-01-01,Kelantan,58.2,3.1,Pasir Puteh,56.418554476806904,38.8,52.3,1.6
55.9,2021-01-01,Kelantan,57.5,3.2,Pasir Puteh,55.7157569515963,41.3,54.1,1.8
57.5,2022-01-01,Kelantan,57.9,2.8,Pasir Puteh,56.18090452261306,41.9,55.9,1.6
56.5,2019-01-01,Kelantan,58.4,2.7,Tanah Merah,56.935817805383024,40.2,55.0,1.5
57.6,2020-01-01,Kelantan,58.7,3.0,Tanah Merah,56.98267074413863,40.6,55.9,1.7
57.1,2021-01-01,Kelantan,56.8,2.9,Tanah Merah,55.223880597014926,43.4,55.5,1.6
58.8,2022-01-01,Kelantan,57.5,2.5,Tanah Merah,55.957031249999986,43.5,57.3,1.5
69.6,2019-01-01,Kelantan,58.4,3.5,Tumpat,56.42317380352645,49.6,67.2,2.4
66.9,2020-01-01,Kelantan,55.4,3.3,Tumpat,53.55960264900662,53.9,64.7,2.2
68.5,2021-01-01,Kelantan,54.6,3.1,Tumpat,52.90836653386455,57.0,66.4,2.1
70.6,2022-01-01,Kelantan,55.0,2.8,Tumpat,53.46843335931409,57.7,68.6,2.0
95.3,2019-01-01,Melaka,67.3,1.6,Alor Gajah,66.19618913196895,46.3,93.8,1.5
100.9,2020-01-01,Melaka,69.8,2.8,Alor Gajah,67.88927335640138,43.6,98.1,2.8
104.8,2021-01-01,Melaka,72.0,3.7,Alor Gajah,69.3470790378007,40.8,100.9,3.9
107.0,2022-01-01,Melaka,73.3,2.7,Alor Gajah,71.25256673511294,39.1,104.1,2.9
66.3,2019-01-01,Melaka,63.8,0.8,Jasin,63.17307692307692,37.7,65.7,0.5
65.9,2020-01-01,Melaka,62.0,1.6,Jasin,61.05362182502353,40.4,64.9,1.1
68.5,2021-01-01,Melaka,63.7,1.3,Jasin,62.883720930232556,39.0,67.6,0.9
68.5,2022-01-01,Melaka,64.4,1.2,Jasin,63.687676387582314,37.8,67.7,0.8
271.3,2019-01-01,Melaka,68.7,0.9,Melaka Tengah,68.05063291139241,123.6,268.8,2.6
260.0,2020-01-01,Melaka,65.9,2.1,Melaka Tengah,64.5194014709612,134.4,254.4,5.6
270.8,2021-01-01,Melaka,68.1,1.6,Melaka Tengah,66.98492462311559,127.1,266.6,4.2
279.2,2022-01-01,Melaka,69.2,1.2,Melaka Tengah,68.34282883329205,124.4,275.9,3.3
18.8,2019-01-01,Negeri Sembilan,61.0,3.0,Jelebu,59.09090909090908,12.0,18.2,0.6
19.7,2020-01-01,Negeri Sembilan,63.9,4.3,Jelebu,61.038961038961034,11.1,18.8,0.8
19.8,2021-01-01,Negeri Sembilan,64.2,3.9,Jelebu,61.81229773462784,11.1,19.1,0.8
20.1,2022-01-01,Negeri Sembilan,64.7,3.7,Jelebu,62.25806451612903,11.0,19.3,0.7
47.7,2019-01-01,Negeri Sembilan,63.7,3.0,Jempol,61.81575433911881,27.2,46.3,1.4
46.1,2020-01-01,Negeri Sembilan,61.4,3.8,Jempol,58.988015978695074,29.0,44.3,1.8
46.1,2021-01-01,Negeri Sembilan,61.1,4.4,Jempol,58.48806366047745,29.3,44.1,2.0
46.0,2022-01-01,Negeri Sembilan,61.4,4.2,Jempol,58.74499332443257,28.9,44.0,2.0
31.5,2019-01-01,Negeri Sembilan,69.1,3.5,Kuala Pilah,66.8131868131868,14.1,30.4,1.1
30.3,2020-01-01,Negeri Sembilan,66.4,4.5,Kuala Pilah,63.23851203501093,15.4,28.9,1.4
29.9,2021-01-01,Negeri Sembilan,65.1,4.9,Kuala Pilah,61.95652173913043,16.1,28.5,1.5
29.7,2022-01-01,Negeri Sembilan,65.4,4.5,Kuala Pilah,62.55506607929515,15.7,28.4,1.3
57.1,2019-01-01,Negeri Sembilan,64.4,3.2,Port Dickson,62.34498308906426,31.6,55.3,1.8
59.0,2020-01-01,Negeri Sembilan,66.6,4.6,Port Dickson,63.544018058690746,29.6,56.3,2.7
59.5,2021-01-01,Negeri Sembilan,66.9,5.0,Port Dickson,63.55455568053993,29.4,56.5,3.0
61.0,2022-01-01,Negeri Sembilan,68.2,3.9,Port Dickson,65.54809843400447,28.5,58.6,2.4
20.2,2019-01-01,Negeri Sembilan,66.9,3.4,Rembau,64.56953642384106,10.0,19.5,0.7
20.4,2020-01-01,Negeri Sembilan,67.5,4.0,Rembau,64.6864686468647,9.9,19.6,0.8
20.2,2021-01-01,Negeri Sembilan,66.2,3.7,Rembau,63.60655737704918,10.3,19.4,0.8
20.3,2022-01-01,Negeri Sembilan,66.5,3.6,Rembau,64.05228758169935,10.2,19.6,0.7
281.5,2019-01-01,Negeri Sembilan,64.6,2.9,Seremban,62.692043109378574,154.6,273.4,8.1
275.6,2020-01-01,Negeri Sembilan,63.4,3.5,Seremban,61.17755289788408,159.2,266.0,9.7
271.6,2021-01-01,Negeri Sembilan,62.4,3.9,Seremban,59.986210066651346,163.5,261.0,10.6
273.7,2022-01-01,Negeri Sembilan,63.4,3.4,Seremban,61.18055555555556,158.3,264.3,9.4
41.1,2019-01-01,Negeri Sembilan,64.4,3.9,Tampin,61.91222570532916,22.7,39.5,1.6
41.6,2020-01-01,Negeri Sembilan,65.1,3.8,Tampin,62.59780907668232,22.3,40.0,1.6
40.7,2021-01-01,Negeri Sembilan,63.3,4.2,Tampin,60.65318818040436,23.6,39.0,1.7
41.0,2022-01-01,Negeri Sembilan,63.6,3.8,Tampin,61.18012422360247,23.4,39.4,1.5
60.3,2019-01-01,Pahang,65.6,3.2,Bentong,63.61655773420479,31.6,58.4,1.9
60.6,2020-01-01,Pahang,65.9,3.2,Bentong,63.80434782608696,31.3,58.7,2.0
60.8,2021-01-01,Pahang,65.7,2.9,Bentong,63.85281385281385,31.7,59.0,1.8
61.4,2022-01-01,Pahang,66.3,2.1,Bentong,64.90280777537798,31.2,60.1,1.3
43.3,2019-01-01,Pahang,61.7,2.8,Bera,59.971509971509974,26.9,42.1,1.2
40.9,2020-01-01,Pahang,58.3,3.6,Bera,56.20542082738944,29.3,39.4,1.5
39.7,2021-01-01,Pahang,55.7,4.3,Bera,53.221288515406165,31.6,38.0,1.7
39.9,2022-01-01,Pahang,55.8,3.6,Bera,53.84615384615385,31.6,38.5,1.4
21.4,2019-01-01,Pahang,71.4,2.3,Cameron Highlands,69.89966555183946,8.5,20.9,0.5
22.2,2020-01-01,Pahang,74.1,3.1,Cameron Highlands,71.90635451505017,7.7,21.5,0.7
22.1,2021-01-01,Pahang,74.3,2.9,Cameron Highlands,72.14765100671141,7.7,21.5,0.6
22.5,2022-01-01,Pahang,75.2,2.0,Cameron Highlands,73.57859531772576,7.4,22.0,0.5
44.8,2019-01-01,Pahang,65.1,3.0,Jerantut,63.22674418604651,24.0,43.5,1.3
45.7,2020-01-01,Pahang,65.8,3.9,Jerantut,63.25648414985589,23.8,43.9,1.8
44.8,2021-01-01,Pahang,64.1,4.5,Jerantut,61.23032904148783,25.1,42.8,2.0
45.1,2022-01-01,Pahang,64.3,3.8,Jerantut,61.911554921540656,25.0,43.4,1.7
241.6,2019-01-01,Pahang,70.2,2.9,Kuantan,68.10920708684287,102.7,234.5,7.1
242.2,2020-01-01,Pahang,69.7,2.9,Kuantan,67.61576071325855,105.5,235.1,7.0
237.9,2021-01-01,Pahang,67.9,3.0,Kuantan,65.81050228310502,112.6,230.6,7.2
239.6,2022-01-01,Pahang,68.3,2.2,Kuantan,66.78072426575422,111.2,234.2,5.3
41.6,2019-01-01,Pahang,61.3,2.9,Lipis,59.587020648967545,26.2,40.4,1.2
40.4,2020-01-01,Pahang,59.0,2.9,Lipis,57.372262773722625,28.1,39.3,1.2
39.4,2021-01-01,Pahang,57.1,2.6,Lipis,55.571635311143275,29.7,38.4,1.0
39.8,2022-01-01,Pahang,57.5,1.7,Lipis,56.42135642135643,29.5,39.1,0.7
54.5,2019-01-01,Pahang,64.9,2.4,Maran,63.33333333333334,29.5,53.2,1.3
55.5,2020-01-01,Pahang,65.4,2.5,Maran,63.72202591283863,29.4,54.1,1.4
55.7,2021-01-01,Pahang,65.2,3.0,Maran,63.2748538011696,29.8,54.1,1.7
56.4,2022-01-01,Pahang,65.8,2.2,Maran,64.41073512252042,29.3,55.2,1.2
52.6,2019-01-01,Pahang,66.5,2.8,Pekan,64.60176991150443,26.5,51.1,1.5
52.8,2020-01-01,Pahang,66.0,3.1,Pekan,63.954943679599495,27.2,51.1,1.6
52.0,2021-01-01,Pahang,64.5,3.3,Pekan,62.32961586121437,28.7,50.3,1.7
52.2,2022-01-01,Pahang,64.7,2.7,Pekan,62.949194547707556,28.5,50.8,1.4
45.2,2019-01-01,Pahang,64.3,2.9,Raub,62.44665718349929,25.1,43.9,1.3
45.8,2020-01-01,Pahang,64.9,3.6,Raub,62.51768033946252,24.8,44.2,1.7
44.9,2021-01-01,Pahang,63.9,3.6,Raub,61.68091168091168,25.3,43.3,1.6
45.3,2022-01-01,Pahang,64.3,3.2,Raub,62.21590909090908,25.1,43.8,1.5
54.2,2019-01-01,Pahang,63.7,3.2,Rompin,61.57461809635723,30.9,52.4,1.7
52.8,2020-01-01,Pahang,62.1,2.9,Rompin,60.28202115158637,32.3,51.3,1.5
53.0,2021-01-01,Pahang,61.9,3.2,Rompin,59.85997666277713,32.7,51.3,1.7
53.3,2022-01-01,Pahang,62.2,2.5,Rompin,60.67677946324387,32.4,52.0,1.3
81.6,2019-01-01,Pahang,65.4,2.9,Temerloh,63.51242983159583,43.1,79.2,2.4
80.3,2020-01-01,Pahang,63.9,3.6,Temerloh,61.52623211446742,45.4,77.4,2.9
78.9,2021-01-01,Pahang,62.4,3.6,Temerloh,60.11058451816746,47.7,76.1,2.8
79.4,2022-01-01,Pahang,62.6,2.8,Temerloh,60.83530338849488,47.4,77.2,2.2
83.7,2019-01-01,Perak,65.0,3.6,Batang Padang,62.70396270396271,45.0,80.7,3.0
91.4,2020-01-01,Perak,67.7,3.7,Batang Padang,65.13693560325684,43.7,88.0,3.4
92.5,2021-01-01,Perak,68.2,3.3,Batang Padang,65.90574374079529,43.2,89.5,3.0
94.0,2022-01-01,Perak,69.1,2.0,Batang Padang,67.74430565760471,42.1,92.2,1.9
95.4,2019-01-01,Perak,62.2,3.4,Hilir Perak,60.039113428943935,58.0,92.1,3.2
99.0,2020-01-01,Perak,65.0,5.5,Hilir Perak,61.498028909329825,53.2,93.6,5.4
97.4,2021-01-01,Perak,64.0,4.8,Hilir Perak,60.946745562130175,54.7,92.7,4.7
98.5,2022-01-01,Perak,65.0,4.5,Hilir Perak,62.1122112211221,53.0,94.1,4.4
45.9,2019-01-01,Perak,67.4,3.4,Hulu Perak,65.05139500734215,22.2,44.3,1.6
43.6,2020-01-01,Perak,65.7,4.0,Hulu Perak,63.04675716440422,22.8,41.8,1.7
44.1,2021-01-01,Perak,65.2,3.7,Hulu Perak,62.776957163958635,23.5,42.5,1.6
44.5,2022-01-01,Perak,66.0,2.5,Hulu Perak,64.48736998514116,22.9,43.4,1.1
43.6,2019-01-01,Perak,62.8,4.2,Kampar,60.17316017316018,25.8,41.7,1.8
42.8,2020-01-01,Perak,61.0,4.0,Kampar,58.48787446504994,27.4,41.0,1.7
43.1,2021-01-01,Perak,60.9,4.6,Kampar,58.05084745762712,27.7,41.1,2.0
44.9,2022-01-01,Perak,61.8,3.2,Kampar,59.77961432506888,27.7,43.4,1.4
76.4,2019-01-01,Perak,59.6,3.6,Kerian,57.48829953198129,51.8,73.7,2.7
79.3,2020-01-01,Perak,60.2,5.4,Kerian,57.02353834472286,52.4,75.1,4.2
78.2,2021-01-01,Perak,59.6,6.0,Kerian,56.06407322654462,52.9,73.5,4.7
80.2,2022-01-01,Perak,60.3,5.2,Kerian,57.18585402558314,52.8,76.0,4.2
356.2,2019-01-01,Perak,64.7,3.0,Kinta,62.715556362316214,194.7,345.5,10.7
354.6,2020-01-01,Perak,65.1,4.6,Kinta,62.118986412045544,189.9,338.3,16.3
362.5,2021-01-01,Perak,66.4,5.2,Kinta,62.87753981328941,183.8,343.5,18.9
369.1,2022-01-01,Perak,67.1,4.7,Kinta,64.01673640167364,180.7,351.9,17.2
69.5,2019-01-01,Perak,60.1,3.1,Kuala Kangsar,58.21799307958477,46.1,67.3,2.2
69.6,2020-01-01,Perak,59.4,5.3,Kuala Kangsar,56.22866894197952,47.6,65.9,3.7
70.5,2021-01-01,Perak,60.3,6.0,Kuala Kangsar,56.678082191780824,46.3,66.2,4.3
74.3,2022-01-01,Perak,61.1,5.6,Kuala Kangsar,57.68282662284305,47.4,70.2,4.2
156.3,2019-01-01,Perak,65.0,3.8,Larut Dan Matang,62.53638253638254,84.3,150.4,5.9
161.0,2020-01-01,Perak,66.4,5.4,Larut Dan Matang,62.81469252992158,81.3,152.2,8.7
157.0,2021-01-01,Perak,65.0,6.2,Larut Dan Matang,60.95238095238095,84.5,147.2,9.8
158.2,2022-01-01,Perak,65.7,5.9,Larut Dan Matang,61.81969256335689,82.5,148.8,9.4
110.7,2019-01-01,Perak,64.1,3.8,Manjung,61.73913043478261,61.8,106.5,4.2
108.8,2020-01-01,Perak,64.0,4.9,Manjung,60.859329017068866,61.2,103.4,5.4
108.2,2021-01-01,Perak,63.7,5.8,Manjung,60.01177856301532,61.6,101.9,6.2
109.9,2022-01-01,Perak,64.0,5.3,Manjung,60.593713620488934,61.8,104.1,5.8
42.8,2019-01-01,Perak,60.1,3.5,Perak Tengah,57.92426367461431,28.5,41.3,1.5
45.8,2020-01-01,Perak,62.0,5.1,Perak Tengah,58.80758807588076,28.0,43.4,2.3
47.1,2021-01-01,Perak,62.6,5.9,Perak Tengah,58.909574468085104,28.1,44.3,2.8
45.2,2022-01-01,Perak,63.1,5.4,Perak Tengah,59.69316596931659,26.5,42.8,2.4
111.1,2019-01-01,Pulau Pinang,67.4,1.5,Barat Daya,66.34323832625833,53.7,109.4,1.7
114.2,2020-01-01,Pulau Pinang,68.7,3.3,Barat Daya,66.38604930847866,50.6,110.4,3.8
118.2,2021-01-01,Pulau Pinang,70.4,2.3,Barat Daya,68.69047619047619,49.7,115.4,2.8
119.9,2022-01-01,Pulau Pinang,71.0,1.6,Barat Daya,69.90521327014217,49.0,118.0,1.9
102.7,2019-01-01,Pulau Pinang,74.3,1.9,Seberang Perai Selatan,72.91817523533672,35.5,100.7,2.0
105.3,2020-01-01,Pulau Pinang,75.9,3.7,Seberang Perai Selatan,73.12680115273774,30.8,101.5,3.9
108.1,2021-01-01,Pulau Pinang,77.5,5.0,Seberang Perai Selatan,73.62007168458781,31.4,102.7,5.4
107.9,2022-01-01,Pulau Pinang,77.9,4.3,Seberang Perai Selatan,74.58483754512635,30.6,103.3,4.7
213.7,2019-01-01,Pulau Pinang,68.5,1.4,Seberang Perai Tengah,67.5104133290612,98.4,210.7,3.0
215.0,2020-01-01,Pulau Pinang,69.3,2.8,Seberang Perai Tengah,67.3646907216495,94.1,209.1,5.9
221.5,2021-01-01,Pulau Pinang,71.3,3.8,Seberang Perai Tengah,68.56499356499356,89.3,213.1,8.4
224.1,2022-01-01,Pulau Pinang,71.7,2.7,Seberang Perai Tengah,69.83669548511047,88.2,218.1,6.0
150.0,2019-01-01,Pulau Pinang,63.3,2.2,Seberang Perai Utara,61.89873417721519,87.1,146.7,3.3
152.4,2020-01-01,Pulau Pinang,63.2,4.1,Seberang Perai Utara,60.597262546661135,89.1,146.1,6.3
158.8,2021-01-01,Pulau Pinang,65.2,4.6,Seberang Perai Utara,62.23316912972086,84.7,151.6,7.3
162.1,2022-01-01,Pulau Pinang,66.2,3.7,Seberang Perai Utara,63.714285714285715,82.9,156.1,6.0
274.6,2019-01-01,Pulau Pinang,66.3,2.5,Timur Laut,64.69451823231103,139.5,267.9,6.7
276.5,2020-01-01,Pulau Pinang,66.8,3.9,Timur Laut,64.23392943450943,142.3,265.8,10.7
282.8,2021-01-01,Pulau Pinang,68.3,3.0,Timur Laut,66.31222812953116,130.9,274.4,8.4
284.6,2022-01-01,Pulau Pinang,68.8,2.1,Timur Laut,67.33558994197291,129.0,278.5,6.1
41.2,2019-01-01,Sabah,73.0,5.5,Beaufort,68.97163120567376,15.2,38.9,2.2
40.7,2020-01-01,Sabah,70.5,5.4,Beaufort,66.72443674176776,17.0,38.5,2.2
39.3,2021-01-01,Sabah,69.6,5.8,Beaufort,65.60283687943263,17.1,37.0,2.3
39.9,2022-01-01,Sabah,69.8,4.8,Beaufort,66.54991243432575,17.2,38.0,1.9
75.7,2019-01-01,Sabah,73.7,6.2,Beluran,69.16342412451361,27.0,71.1,4.7
78.7,2020-01-01,Sabah,76.5,9.2,Beluran,69.4849368318756,24.2,71.5,7.2
78.3,2021-01-01,Sabah,77.9,8.3,Beluran,71.44278606965175,22.2,71.8,6.5
78.5,2022-01-01,Sabah,78.3,7.3,Beluran,72.55489021956087,21.7,72.7,5.8
106.8,2019-01-01,Sabah,67.9,6.2,Keningau,63.699936427209146,50.5,100.2,6.6
107.7,2020-01-01,Sabah,67.3,7.4,Keningau,62.29712858926343,52.4,99.8,8.0
106.3,2021-01-01,Sabah,68.9,6.4,Keningau,64.526588845655,47.9,99.5,6.8
107.0,2022-01-01,Sabah,69.1,5.6,Keningau,65.20335700451905,47.9,101.0,6.0
100.3,2019-01-01,Sabah,70.4,6.1,Kinabatangan,66.15168539325843,42.1,94.2,6.1
96.4,2020-01-01,Sabah,69.1,9.9,Kinabatangan,62.22222222222222,43.1,86.8,9.5
93.2,2021-01-01,Sabah,70.0,9.2,Kinabatangan,63.465866466616646,40.0,84.6,8.6
91.4,2022-01-01,Sabah,70.4,8.4,Kinabatangan,64.53353893600618,38.3,83.7,7.7
51.1,2019-01-01,Sabah,65.4,5.8,Kota Belud,61.636828644501286,27.0,48.2,3.0
49.1,2020-01-01,Sabah,62.7,9.2,Kota Belud,56.88775510204081,29.2,44.6,4.5
49.1,2021-01-01,Sabah,63.1,9.3,Kota Belud,57.19794344473008,28.7,44.5,4.6
49.8,2022-01-01,Sabah,63.4,8.4,Kota Belud,58.142493638676854,28.8,45.7,4.2
305.6,2019-01-01,Sabah,73.0,5.1,Kota Kinabalu,69.31166347992352,112.8,290.0,15.6
293.4,2020-01-01,Sabah,69.9,7.3,Kota Kinabalu,64.78436978794376,126.3,271.9,21.5
302.7,2021-01-01,Sabah,71.4,7.6,Kota Kinabalu,65.92784720584768,121.5,279.6,23.1
309.9,2022-01-01,Sabah,72.3,6.8,Kota Kinabalu,67.41363211951447,118.5,288.8,21.1
40.1,2019-01-01,Sabah,70.3,5.5,Kota Marudu,66.37478108581436,17.0,37.9,2.2
42.8,2020-01-01,Sabah,73.7,8.2,Kota Marudu,67.6419965576592,15.3,39.3,3.5
41.8,2021-01-01,Sabah,73.4,8.2,Kota Marudu,67.31107205623901,15.1,38.3,3.4
42.7,2022-01-01,Sabah,73.6,7.3,Kota Marudu,68.15834767641996,15.3,39.6,3.1
12.2,2019-01-01,Sabah,73.6,5.3,Kuala Penyu,69.87951807228914,4.4,11.6,0.6
11.9,2020-01-01,Sabah,72.3,7.9,Kuala Penyu,67.07317073170732,4.6,11.0,0.9
11.7,2021-01-01,Sabah,70.9,7.2,Kuala Penyu,66.06060606060606,4.8,10.9,0.8
12.0,2022-01-01,Sabah,71.0,6.4,Kuala Penyu,66.66666666666666,4.9,11.2,0.8
52.9,2019-01-01,Sabah,71.3,5.2,Kudat,67.65498652291106,21.3,50.2,2.8
53.7,2020-01-01,Sabah,72.2,8.5,Kudat,65.99462365591397,20.7,49.1,4.6
54.1,2021-01-01,Sabah,73.0,8.0,Kudat,67.07152496626182,20.0,49.7,4.3
53.6,2022-01-01,Sabah,73.3,7.0,Kudat,68.12585499316005,19.5,49.8,3.8
41.9,2019-01-01,Sabah,69.2,6.2,Kunak,64.9586776859504,18.7,39.3,2.6
40.1,2020-01-01,Sabah,66.7,9.2,Kunak,60.56572379367721,20.0,36.4,3.7
40.2,2021-01-01,Sabah,67.1,9.6,Kunak,60.60100166944908,19.7,36.3,3.8
41.0,2022-01-01,Sabah,67.4,8.8,Kunak,61.348684210526315,19.8,37.3,3.6
135.8,2019-01-01,Sabah,67.8,6.4,Lahad Datu,63.40489266100848,64.6,127.0,8.7
141.3,2020-01-01,Sabah,70.6,9.4,Lahad Datu,64.0,58.8,128.0,13.2
139.4,2021-01-01,Sabah,70.2,10.0,Lahad Datu,63.17380352644837,59.1,125.4,14.0
135.3,2022-01-01,Sabah,70.3,9.5,Lahad Datu,63.61746361746362,57.1,122.4,12.9
18.4,2019-01-01,Sabah,64.6,6.2,Nabawan,60.70175438596491,10.1,17.3,1.1
19.0,2020-01-01,Sabah,64.4,9.9,Nabawan,58.163265306122454,10.5,17.1,1.9
18.0,2021-01-01,Sabah,63.2,9.7,Nabawan,57.19298245614035,10.5,16.3,1.7
18.2,2022-01-01,Sabah,63.2,8.8,Nabawan,57.43944636678201,10.6,16.6,1.6
79.7,2019-01-01,Sabah,67.8,5.3,Papar,64.17021276595744,37.8,75.4,4.2
78.2,2020-01-01,Sabah,65.8,7.3,Papar,60.8915054667788,40.7,72.4,5.7
77.8,2021-01-01,Sabah,66.7,7.2,Papar,61.921097770154375,38.8,72.2,5.6
77.3,2022-01-01,Sabah,67.4,6.7,Papar,62.91448516579406,37.3,72.1,5.2
75.1,2019-01-01,Sabah,65.2,6.0,Penampang,61.33796698523023,40.0,70.6,4.5
76.9,2020-01-01,Sabah,66.4,9.2,Penampang,60.27633851468048,38.9,69.8,7.1
77.0,2021-01-01,Sabah,67.3,9.9,Penampang,60.629921259842526,37.3,69.3,7.7
75.0,2022-01-01,Sabah,68.2,9.3,Penampang,61.81818181818181,35.0,68.0,7.0
22.0,2019-01-01,Sabah,68.4,5.9,Pitas,64.28571428571428,10.2,20.7,1.3
22.9,2020-01-01,Sabah,69.6,9.0,Pitas,63.22188449848025,10.0,20.8,2.1
21.7,2021-01-01,Sabah,68.5,9.3,Pitas,61.94968553459119,10.0,19.7,2.0
22.2,2022-01-01,Sabah,68.6,8.4,Pitas,62.96296296296296,10.2,20.4,1.9
29.6,2019-01-01,Sabah,64.8,6.7,Putatan,60.61269146608315,16.1,27.7,2.0
31.4,2020-01-01,Sabah,66.6,7.8,Putatan,61.57112526539278,15.7,29.0,2.4
30.2,2021-01-01,Sabah,66.3,8.2,Putatan,60.879120879120876,15.4,27.7,2.5
30.8,2022-01-01,Sabah,66.5,7.3,Putatan,61.63793103448276,15.5,28.6,2.3
58.7,2019-01-01,Sabah,72.0,5.5,Ranau,68.01470588235294,22.8,55.5,3.2
62.0,2020-01-01,Sabah,75.1,8.7,Ranau,68.60606060606061,20.5,56.6,5.4
62.1,2021-01-01,Sabah,76.7,9.3,Ranau,69.5920889987639,18.9,56.3,5.8
62.4,2022-01-01,Sabah,77.0,8.5,Ranau,70.40690505548706,18.7,57.1,5.3
251.8,2019-01-01,Sabah,71.1,6.1,Sandakan,66.79853065837807,102.1,236.4,15.4
259.8,2020-01-01,Sabah,73.6,8.4,Sandakan,67.43132257150948,93.3,238.1,21.7
259.0,2021-01-01,Sabah,73.7,8.3,Sandakan,67.54835039817975,92.6,237.5,21.5
258.3,2022-01-01,Sabah,74.2,7.6,Sandakan,68.58292612819777,89.6,238.6,19.7
83.4,2019-01-01,Sabah,63.7,6.3,Semporna,59.663865546218474,47.5,78.1,5.2
80.8,2020-01-01,Sabah,61.6,9.6,Semporna,55.71646341463414,50.3,73.1,7.8
81.0,2021-01-01,Sabah,62.4,9.7,Semporna,56.317411402157155,48.9,73.1,7.9
83.8,2022-01-01,Sabah,63.1,9.2,Semporna,57.26109857035364,49.0,76.1,7.7
20.5,2019-01-01,Sabah,67.9,6.7,Sipitang,63.576158940397356,9.7,19.2,1.4
19.8,2020-01-01,Sabah,65.3,6.2,Sipitang,61.184210526315795,10.5,18.6,1.2
19.3,2021-01-01,Sabah,63.9,6.7,Sipitang,59.60264900662252,10.9,18.0,1.3
20.0,2022-01-01,Sabah,64.4,5.9,Sipitang,60.45016077170418,11.1,18.8,1.2
25.1,2019-01-01,Sabah,73.1,5.3,Tambunan,69.18604651162791,9.2,23.8,1.3
24.9,2020-01-01,Sabah,71.5,5.2,Tambunan,67.816091954023,9.9,23.6,1.3
24.3,2021-01-01,Sabah,71.1,5.4,Tambunan,67.44868035190615,9.9,23.0,1.3
24.8,2022-01-01,Sabah,71.4,4.8,Tambunan,67.816091954023,9.9,23.6,1.2
280.2,2019-01-01,Sabah,71.9,5.6,Tawau,67.8983833718245,109.4,264.6,15.6
285.7,2020-01-01,Sabah,73.7,7.1,Tawau,68.47265221878224,101.8,265.4,20.4
281.6,2021-01-01,Sabah,73.1,8.1,Tawau,67.17695900363259,103.7,258.9,22.7
278.6,2022-01-01,Sabah,73.3,7.7,Tawau,67.71985255397577,101.2,257.2,21.3
34.0,2019-01-01,Sabah,70.0,5.9,Tenom,65.84362139917695,14.6,32.0,2.0
32.8,2020-01-01,Sabah,67.3,5.8,Tenom,63.44969199178644,15.9,30.9,1.9
33.0,2021-01-01,Sabah,67.9,6.4,Tenom,63.58024691358024,15.6,30.9,2.1
33.5,2022-01-01,Sabah,68.1,5.8,Tenom,64.15478615071282,15.7,31.5,1.9
22.8,2019-01-01,Sabah,70.9,6.3,Tongod,66.45962732919254,9.3,21.4,1.4
24.4,2020-01-01,Sabah,73.0,8.9,Tongod,66.46706586826348,9.0,22.2,2.2
23.4,2021-01-01,Sabah,73.7,8.6,Tongod,67.29559748427673,8.4,21.4,2.0
24.0,2022-01-01,Sabah,74.2,7.7,Tongod,68.42105263157896,8.3,22.1,1.8
60.6,2019-01-01,Sabah,67.8,5.4,Tuaran,64.09395973154362,28.8,57.3,3.3
58.2,2020-01-01,Sabah,64.9,5.1,Tuaran,61.53846153846154,31.5,55.2,3.0
57.6,2021-01-01,Sabah,64.8,5.2,Tuaran,61.48648648648649,31.2,54.6,3.0
57.2,2022-01-01,Sabah,65.3,4.5,Tuaran,62.37172177879133,30.4,54.7,2.6
16.9,2019-01-01,Sarawak,66.8,3.4,Asajaya,64.42687747035573,8.4,16.3,0.6
16.0,2020-01-01,Sarawak,63.1,3.2,Asajaya,61.023622047244096,9.4,15.5,0.5
16.8,2021-01-01,Sarawak,64.3,4.3,Asajaya,61.450381679389324,9.3,16.1,0.7
17.1,2022-01-01,Sarawak,64.9,3.3,Asajaya,62.87878787878789,9.3,16.6,0.6
29.5,2019-01-01,Sarawak,69.7,3.2,Bau,67.21698113207547,12.8,28.5,1.0
28.5,2020-01-01,Sarawak,67.0,3.1,Bau,64.94117647058823,14.0,27.6,0.9
28.4,2021-01-01,Sarawak,65.7,3.6,Bau,63.279445727482674,14.8,27.4,1.0
29.0,2022-01-01,Sarawak,66.6,3.3,Bau,64.36781609195403,14.6,28.0,1.0
21.5,2019-01-01,Sarawak,69.6,2.8,Belaga,67.63754045307444,9.4,20.9,0.6
22.5,2020-01-01,Sarawak,73.2,4.4,Belaga,70.03257328990227,7.6,21.5,1.0
19.6,2021-01-01,Sarawak,63.9,4.2,Belaga,61.43790849673203,11.1,18.8,0.8
19.7,2022-01-01,Sarawak,64.5,3.3,Belaga,62.41830065359477,10.9,19.1,0.7
32.8,2019-01-01,Sarawak,67.0,2.7,Betong,65.10204081632652,16.2,31.9,0.9
31.7,2020-01-01,Sarawak,64.0,4.4,Betong,61.21212121212122,17.8,30.3,1.4
31.3,2021-01-01,Sarawak,61.7,5.0,Betong,58.57988165680473,19.4,29.7,1.6
31.6,2022-01-01,Sarawak,61.9,4.1,Betong,59.411764705882355,19.4,30.3,1.3
116.1,2019-01-01,Sarawak,72.0,2.6,Bintulu,70.2048417132216,45.0,113.1,3.0
109.1,2020-01-01,Sarawak,68.6,3.1,Bintulu,66.47798742138365,50.0,105.7,3.4
110.4,2021-01-01,Sarawak,69.4,3.4,Bintulu,67.06473915776242,48.8,106.7,3.7
114.4,2022-01-01,Sarawak,70.5,2.5,Bintulu,68.7192118226601,48.0,111.6,2.8
10.2,2019-01-01,Sarawak,68.9,3.1,Dalat,66.89189189189189,4.6,9.9,0.3
10.5,2020-01-01,Sarawak,70.1,5.2,Dalat,66.44295302013423,4.5,9.9,0.5
10.5,2021-01-01,Sarawak,69.0,4.6,Dalat,66.01307189542483,4.7,10.1,0.5
10.6,2022-01-01,Sarawak,69.1,4.0,Dalat,66.23376623376622,4.8,10.2,0.4
15.9,2019-01-01,Sarawak,64.4,2.5,Daro,62.75303643724697,8.8,15.5,0.4
15.6,2020-01-01,Sarawak,63.1,3.9,Daro,60.483870967741936,9.1,15.0,0.6
15.8,2021-01-01,Sarawak,62.5,4.7,Daro,59.523809523809526,9.5,15.0,0.7
15.9,2022-01-01,Sarawak,63.1,4.1,Daro,60.71428571428572,9.3,15.3,0.7
8.2,2019-01-01,Sarawak,66.4,4.0,Julau,63.70967741935484,4.2,7.9,0.3
8.4,2020-01-01,Sarawak,66.9,3.7,Julau,64.8,4.1,8.1,0.3
7.9,2021-01-01,Sarawak,61.3,5.5,Julau,57.8125,5.0,7.4,0.4
8.0,2022-01-01,Sarawak,62.1,4.7,Julau,58.914728682170534,4.9,7.6,0.4
15.2,2019-01-01,Sarawak,66.6,3.5,Kanowit,64.4736842105263,7.6,14.7,0.5
16.0,2020-01-01,Sarawak,69.3,5.2,Kanowit,65.65217391304347,7.1,15.1,0.8
15.4,2021-01-01,Sarawak,65.6,5.3,Kanowit,61.965811965811966,8.0,14.5,0.8
15.5,2022-01-01,Sarawak,65.9,5.1,Kanowit,62.5531914893617,8.0,14.7,0.8
29.2,2019-01-01,Sarawak,66.9,3.9,Kapit,64.30205949656751,14.5,28.1,1.1
30.4,2020-01-01,Sarawak,69.1,6.1,Kapit,65.0,13.6,28.6,1.9
29.5,2021-01-01,Sarawak,65.8,5.5,Kapit,62.1380846325167,15.4,27.9,1.6
30.0,2022-01-01,Sarawak,66.5,5.3,Kapit,62.97117516629711,15.1,28.4,1.6
325.0,2019-01-01,Sarawak,67.8,3.0,Kuching,65.76971214017523,154.5,315.3,9.7
312.2,2020-01-01,Sarawak,64.9,4.8,Kuching,61.82158452900811,168.7,297.3,14.9
334.0,2021-01-01,Sarawak,68.4,4.3,Kuching,65.43108744624206,154.4,319.5,14.5
341.8,2022-01-01,Sarawak,69.6,3.3,Kuching,67.28420195439739,149.4,330.5,11.3
22.4,2019-01-01,Sarawak,71.9,3.2,Lawas,69.45337620578779,8.7,21.6,0.7
23.2,2020-01-01,Sarawak,74.2,5.3,Lawas,70.1923076923077,8.0,21.9,1.2
22.6,2021-01-01,Sarawak,71.2,5.3,Lawas,67.50788643533123,9.1,21.4,1.2
23.0,2022-01-01,Sarawak,71.7,4.5,Lawas,68.4375,9.1,21.9,1.0
27.5,2019-01-01,Sarawak,72.2,3.7,Limbang,69.47368421052632,10.6,26.4,1.0
26.3,2020-01-01,Sarawak,68.8,5.2,Limbang,65.27415143603133,12.0,25.0,1.4
26.2,2021-01-01,Sarawak,67.4,4.5,Limbang,64.43298969072166,12.6,25.0,1.2
26.7,2022-01-01,Sarawak,68.0,3.7,Limbang,65.39440203562341,12.6,25.7,1.0
15.3,2019-01-01,Sarawak,69.3,3.7,Lubok Antu,66.81818181818181,6.8,14.7,0.6
15.2,2020-01-01,Sarawak,68.6,3.6,Lubok Antu,66.06334841628959,7.0,14.6,0.5
15.5,2021-01-01,Sarawak,68.1,5.1,Lubok Antu,64.75770925110133,7.2,14.7,0.8
15.6,2022-01-01,Sarawak,68.7,4.6,Lubok Antu,65.63876651982379,7.1,14.9,0.7
19.4,2019-01-01,Sarawak,72.7,3.0,Lundu,70.4119850187266,7.3,18.8,0.6
19.6,2020-01-01,Sarawak,73.0,2.8,Lundu,71.00371747211896,7.2,19.1,0.6
19.0,2021-01-01,Sarawak,69.7,4.2,Lundu,66.91176470588235,8.3,18.2,0.8
19.2,2022-01-01,Sarawak,70.0,3.5,Lundu,67.51824817518248,8.2,18.5,0.7
15.3,2019-01-01,Sarawak,65.0,3.3,Maradong,62.71186440677966,8.2,14.8,0.5
15.8,2020-01-01,Sarawak,66.7,5.4,Maradong,63.29113924050633,7.9,15.0,0.9
15.2,2021-01-01,Sarawak,63.7,5.7,Maradong,60.25104602510461,8.7,14.4,0.9
15.5,2022-01-01,Sarawak,64.5,5.2,Maradong,61.24999999999999,8.5,14.7,0.8
33.4,2019-01-01,Sarawak,64.2,2.5,Marudi,62.5,18.6,32.5,0.8
34.2,2020-01-01,Sarawak,65.7,3.7,Marudi,63.14779270633397,17.9,32.9,1.3
32.8,2021-01-01,Sarawak,62.5,3.1,Marudi,60.45627376425855,19.7,31.8,1.0
32.7,2022-01-01,Sarawak,63.2,2.6,Marudi,61.58301158301158,19.1,31.9,0.9
9.5,2019-01-01,Sarawak,69.5,3.5,Matu,67.15328467153284,4.2,9.2,0.3
10.1,2020-01-01,Sarawak,72.7,3.8,Matu,69.78417266187049,3.8,9.7,0.4
9.3,2021-01-01,Sarawak,66.2,4.5,Matu,63.57142857142858,4.8,8.9,0.4
9.3,2022-01-01,Sarawak,66.9,3.8,Matu,64.28571428571429,4.6,9.0,0.4
164.2,2019-01-01,Sarawak,66.5,3.4,Miri,64.28860964734496,82.6,158.6,5.5
159.7,2020-01-01,Sarawak,64.9,3.3,Miri,62.73872409589598,86.4,154.4,5.3
161.5,2021-01-01,Sarawak,65.3,3.8,Miri,62.77283751010509,85.8,155.3,6.2
164.3,2022-01-01,Sarawak,66.5,3.0,Miri,64.46782679077297,82.8,159.3,5.0
23.3,2019-01-01,Sarawak,66.7,3.2,Mukah,64.57142857142858,11.6,22.6,0.8
23.6,2020-01-01,Sarawak,67.7,2.9,Mukah,65.61604584527221,11.3,22.9,0.7
22.3,2021-01-01,Sarawak,63.3,4.5,Mukah,60.339943342776216,13.0,21.3,1.0
22.5,2022-01-01,Sarawak,64.0,3.9,Mukah,61.53846153846154,12.6,21.6,0.9
9.1,2019-01-01,Sarawak,74.6,3.4,Pakan,72.13114754098362,3.1,8.8,0.3
8.7,2020-01-01,Sarawak,70.6,3.1,Pakan,68.29268292682926,3.6,8.4,0.3
8.7,2021-01-01,Sarawak,68.6,3.4,Pakan,66.66666666666667,4.0,8.4,0.3
8.8,2022-01-01,Sarawak,69.5,3.4,Pakan,66.92913385826772,3.9,8.5,0.3
45.6,2019-01-01,Sarawak,66.4,3.7,Samarahan,63.901018922852984,23.1,43.9,1.7
46.6,2020-01-01,Sarawak,67.3,5.2,Samarahan,63.8728323699422,22.6,44.2,2.4
47.1,2021-01-01,Sarawak,66.6,6.1,Samarahan,62.51768033946252,23.6,44.2,2.9
48.3,2022-01-01,Sarawak,67.5,5.3,Samarahan,63.826815642458115,23.3,45.7,2.6
24.3,2019-01-01,Sarawak,67.1,2.5,Saratok,65.4696132596685,11.9,23.7,0.6
24.9,2020-01-01,Sarawak,68.1,4.1,Saratok,65.30054644808743,11.7,23.9,1.0
24.5,2021-01-01,Sarawak,65.6,3.3,Saratok,63.36898395721925,12.9,23.7,0.8
24.7,2022-01-01,Sarawak,65.9,2.4,Saratok,64.26666666666667,12.8,24.1,0.6
31.4,2019-01-01,Sarawak,69.2,2.8,Sarikei,67.18061674008811,14.0,30.5,0.9
32.7,2020-01-01,Sarawak,71.8,4.5,Sarikei,68.57142857142857,12.8,31.2,1.5
33.1,2021-01-01,Sarawak,71.5,5.0,Sarikei,67.81857451403887,13.2,31.4,1.7
33.5,2022-01-01,Sarawak,71.9,4.2,Sarikei,69.03225806451613,13.0,32.1,1.4
12.5,2019-01-01,Sarawak,67.8,3.3,Selangau,65.76086956521739,5.9,12.1,0.4
12.2,2020-01-01,Sarawak,65.9,3.2,Selangau,63.78378378378379,6.3,11.8,0.4
12.2,2021-01-01,Sarawak,64.6,4.3,Selangau,61.702127659574465,6.7,11.6,0.5
12.3,2022-01-01,Sarawak,64.8,4.0,Selangau,62.10526315789474,6.7,11.8,0.5
53.0,2019-01-01,Sarawak,71.9,3.0,Serian,69.60651289009498,20.7,51.3,1.6
50.6,2020-01-01,Sarawak,68.5,4.7,Serian,65.2232746955345,23.9,48.2,2.4
51.1,2021-01-01,Sarawak,67.9,5.8,Serian,63.87782204515272,24.2,48.1,2.9
51.5,2022-01-01,Sarawak,68.1,5.4,Serian,64.55026455026454,24.1,48.8,2.8
133.0,2019-01-01,Sarawak,68.4,3.6,Sibu,65.96401028277636,61.5,128.3,4.7
127.9,2020-01-01,Sarawak,65.7,5.7,Sibu,61.921891058581714,66.8,120.5,7.3
130.9,2021-01-01,Sarawak,66.8,5.9,Sibu,62.889229198570696,65.1,123.2,7.7
134.0,2022-01-01,Sarawak,67.8,5.1,Sibu,64.37246963562754,63.6,127.2,6.8
22.0,2019-01-01,Sarawak,69.9,3.0,Simunjan,67.93650793650792,9.5,21.4,0.7
22.4,2020-01-01,Sarawak,70.6,4.7,Simunjan,67.19242902208202,9.3,21.3,1.1
22.7,2021-01-01,Sarawak,69.9,5.5,Simunjan,66.04938271604938,9.7,21.4,1.3
22.9,2022-01-01,Sarawak,70.6,4.6,Simunjan,67.28395061728396,9.5,21.8,1.1
11.0,2019-01-01,Sarawak,68.0,4.0,Song,65.4320987654321,5.2,10.6,0.4
11.1,2020-01-01,Sarawak,67.6,5.5,Song,64.02439024390245,5.3,10.5,0.6
11.3,2021-01-01,Sarawak,67.3,6.3,Song,63.095238095238095,5.5,10.6,0.7
11.4,2022-01-01,Sarawak,67.7,5.7,Song,63.69047619047619,5.4,10.7,0.7
36.2,2019-01-01,Sarawak,69.3,2.5,Sri Aman,67.62452107279692,16.0,35.3,0.9
36.8,2020-01-01,Sarawak,70.2,3.3,Sri Aman,67.80952380952381,15.7,35.6,1.2
35.6,2021-01-01,Sarawak,66.4,2.7,Sri Aman,64.73880597014926,18.0,34.7,1.0
36.0,2022-01-01,Sarawak,67.4,2.2,Sri Aman,65.91760299625469,17.4,35.2,0.8
18.0,2019-01-01,Sarawak,70.2,3.4,Tatau,67.70428015564201,7.6,17.4,0.6
17.2,2020-01-01,Sarawak,67.7,4.1,Tatau,64.96062992125985,8.2,16.5,0.7
17.6,2021-01-01,Sarawak,69.2,4.6,Tatau,65.88235294117646,7.9,16.8,0.8
17.7,2022-01-01,Sarawak,69.6,4.1,Tatau,66.53543307086613,7.7,16.9,0.7
442.3,2019-01-01,Selangor,74.3,2.8,Gombak,72.22782258064515,152.8,429.9,12.4
454.7,2020-01-01,Selangor,74.7,4.8,Gombak,71.09760105159381,151.9,432.7,22.0
452.2,2021-01-01,Selangor,74.5,5.8,Gombak,70.1086956521739,155.1,425.7,26.4
458.9,2022-01-01,Selangor,75.1,4.5,Gombak,71.73023408086429,152.0,438.2,20.7
576.9,2019-01-01,Selangor,77.2,2.9,Klang,74.9331193151418,170.8,560.2,16.7
570.6,2020-01-01,Selangor,76.4,3.7,Klang,73.56798715203426,175.6,549.7,20.9
590.1,2021-01-01,Selangor,77.9,4.9,Klang,74.09853387927619,166.9,561.0,29.2
608.9,2022-01-01,Selangor,78.6,4.2,Klang,75.30019367333765,165.6,583.2,25.7
148.1,2019-01-01,Selangor,75.4,3.0,Kuala Langat,73.20427916454405,48.2,143.7,4.4
149.1,2020-01-01,Selangor,73.1,2.8,Kuala Langat,70.99461048505636,53.0,144.9,4.2
150.6,2021-01-01,Selangor,74.4,3.3,Kuala Langat,71.97231833910034,51.7,145.6,5.0
152.2,2022-01-01,Selangor,74.7,2.5,Kuala Langat,72.7807748896518,51.6,148.4,3.8
136.1,2019-01-01,Selangor,73.8,3.0,Kuala Selangor,71.63774403470715,48.2,132.1,4.0
129.6,2020-01-01,Selangor,70.2,5.1,Kuala Selangor,66.59447753113157,61.1,123.0,6.6
133.3,2021-01-01,Selangor,71.0,4.3,Kuala Selangor,67.89137380191693,54.5,127.5,5.8
134.9,2022-01-01,Selangor,71.2,4.1,Kuala Selangor,68.24894514767934,54.7,129.4,5.5
1189.7,2019-01-01,Selangor,75.5,2.7,Petaling,73.4107346783403,386.5,1157.1,32.6
1212.5,2020-01-01,Selangor,76.9,4.3,Petaling,73.58969477758741,362.4,1159.7,52.7
1238.5,2021-01-01,Selangor,77.8,3.7,Petaling,74.96229260935144,352.7,1192.8,45.7
1240.7,2022-01-01,Selangor,78.5,3.1,Petaling,76.07086365074343,339.8,1202.3,38.5
64.1,2019-01-01,Selangor,74.8,3.3,Sabak Bernam,72.22870478413068,21.6,61.9,2.1
61.7,2020-01-01,Selangor,70.9,2.7,Sabak Bernam,68.96551724137932,25.3,60.0,1.7
66.4,2021-01-01,Selangor,71.2,3.9,Sabak Bernam,68.38156484458734,26.9,63.8,2.6
67.2,2022-01-01,Selangor,71.6,3.0,Sabak Bernam,69.40298507462687,26.7,65.1,2.0
145.3,2019-01-01,Selangor,76.4,3.2,Sepang,73.97476340694006,44.9,140.7,4.6
151.3,2020-01-01,Selangor,75.8,4.3,Sepang,72.61785356068205,48.2,144.8,6.5
144.9,2021-01-01,Selangor,75.2,5.6,Sepang,70.9761163032191,47.7,136.7,8.2
146.1,2022-01-01,Selangor,75.9,4.0,Sepang,72.8831168831169,46.4,140.3,5.8
761.9,2019-01-01,Selangor,77.4,3.1,Ulu Langat,74.9898456539399,222.9,738.5,23.4
745.4,2020-01-01,Selangor,74.8,5.2,Ulu Langat,70.84545181024971,251.8,706.4,39.0
765.4,2021-01-01,Selangor,76.1,4.1,Ulu Langat,72.9702871906986,240.8,734.3,31.2
783.9,2022-01-01,Selangor,76.6,3.6,Ulu Langat,73.77673600937592,240.0,755.4,28.6
128.4,2019-01-01,Selangor,75.9,2.3,Ulu Selangor,74.06969875959834,40.9,125.4,3.0
127.9,2020-01-01,Selangor,74.7,2.1,Ulu Selangor,73.18925233644859,43.3,125.3,2.6
135.6,2021-01-01,Selangor,76.1,3.3,Ulu Selangor,73.56902356902357,42.6,131.1,4.4
139.1,2022-01-01,Selangor,76.6,2.7,Ulu Selangor,74.60055096418733,42.5,135.4,3.7
64.7,2019-01-01,Terengganu,60.9,3.7,Besut,58.66290018832391,41.5,62.3,2.4
65.0,2020-01-01,Terengganu,59.6,3.9,Besut,57.234432234432234,44.1,62.5,2.5
66.0,2021-01-01,Terengganu,58.1,4.4,Besut,55.49692172383466,47.7,63.1,2.9
67.6,2022-01-01,Terengganu,58.3,4.0,Besut,55.948275862068975,48.4,64.9,2.7
74.4,2019-01-01,Terengganu,59.1,3.6,Dungun,56.904761904761905,51.5,71.7,2.7
72.5,2020-01-01,Terengganu,56.1,4.0,Dungun,53.86996904024768,56.7,69.6,2.9
74.1,2021-01-01,Terengganu,56.2,3.9,Dungun,54.062262718299166,57.7,71.2,2.9
75.0,2022-01-01,Terengganu,56.4,3.6,Dungun,54.40180586907448,57.9,72.3,2.7
31.0,2019-01-01,Terengganu,57.7,3.8,Hulu Terengganu,55.493482309124765,22.7,29.8,1.2
30.4,2020-01-01,Terengganu,55.8,3.6,Hulu Terengganu,53.663003663003664,24.1,29.3,1.1
30.4,2021-01-01,Terengganu,54.1,4.0,Hulu Terengganu,51.87165775401069,25.8,29.1,1.2
30.8,2022-01-01,Terengganu,54.3,3.9,Hulu Terengganu,52.20458553791887,25.9,29.6,1.2
85.5,2019-01-01,Terengganu,66.5,3.3,Kemaman,64.30793157076205,43.1,82.7,2.8
86.2,2020-01-01,Terengganu,65.8,3.8,Kemaman,63.33078686019863,44.7,82.9,3.3
87.9,2021-01-01,Terengganu,65.7,3.7,Kemaman,63.303437967115094,45.9,84.7,3.2
91.0,2022-01-01,Terengganu,65.8,3.1,Kemaman,63.72832369942196,47.4,88.2,2.8
159.7,2019-01-01,Terengganu,60.4,3.4,Kuala Terengganu,58.35854765506808,104.7,154.3,5.4
158.5,2020-01-01,Terengganu,58.7,4.5,Kuala Terengganu,56.03703703703704,111.5,151.3,7.2
157.6,2021-01-01,Terengganu,57.5,4.0,Kuala Terengganu,55.2391383716685,116.3,151.3,6.4
159.9,2022-01-01,Terengganu,57.7,3.8,Kuala Terengganu,55.48340548340549,117.3,153.8,6.1
45.4,2019-01-01,Terengganu,58.2,3.7,Marang,55.953905249679906,32.7,43.7,1.7
44.9,2020-01-01,Terengganu,56.1,3.5,Marang,54.125,35.1,43.3,1.6
45.0,2021-01-01,Terengganu,56.1,3.8,Marang,54.05742821473159,35.1,43.3,1.7
45.8,2022-01-01,Terengganu,56.4,3.1,Marang,54.556650246305416,35.4,44.3,1.4
27.3,2019-01-01,Terengganu,65.8,3.7,Setiu,63.373493975903614,14.2,26.3,1.0
27.3,2020-01-01,Terengganu,64.2,4.7,Setiu,61.03286384976525,15.2,26.0,1.3
27.5,2021-01-01,Terengganu,62.7,5.0,Setiu,59.45330296127563,16.4,26.1,1.4
28.3,2022-01-01,Terengganu,63.0,4.1,Setiu,60.35634743875279,16.6,27.1,1.2
